In "The Simpsons", who voices Bart Simpson?|Nancy Cartwright
What are the 4 'ages' of DC comics?|Gold, Silver, Bronze and Modern
What was Lara Croft's original name during the development of the first "Tomb Raider" game?|Lara Cruz
In the Marvel universe, what is the name of Tony Stark's Butler?|Jarvis
In Terry Pratchett's "Discworld" novels, what is the name of the Giant Star Turtle?|Great A'tuin
What kind of poetry is described as the third worst poetry in the Universe in "The Hitch Hikers Guide to the Galaxy"?|Vogon
What kills the aliens in the film "Mars Attacks"?|Country Music
In the film "2001: A Space Odyssey", who sings " Daisy Daisy give me your answer do" after losing his mind?|HAL
How many seasons of Doctor Who have there been? (classic & modern)|33
In the TV show "Dexter", what is the name of Dexter's son?|Harrison
In the Marvel universe, Emma Frost possesses telepathy and what other ability?|Diamond Skin/Form
Name the author of "Hamlet Chronicles", "The Wicked Years" series and "Confessions of an Ugly Stepsister".|Gregory Maguire
The game "Bioshock Infinite" is set in which city?|Columbia
In the Marvel universe, which two superheroes opposed each other in the Marvel Civil War?|Iron Man and  Captain America
In "Thundercats", who possessed the Eye of Thundera?|Lion-O
Eichiro Oda writes which manga?|One piece
In "Avatar: The Last Airbender", what kind of animal is Appa?|Flying Bison
In the TV series "Dexter" who played the Trinity Killer?|John Lythgow
Earth, Fire, Water and Wind were combined with fifth element to summon "Captain Planet"?|Heart
In "Avatar: The Last Airbender", the Earth King travelled the Four Nations with what kind of animal?|A Bear, a regular bear!
According to Douglas Adams, what is the answer to life the universe and everything?|42
What movie claimed that the world would end in "28 days, 6 hours, 42 minutes and 12 seconds"?|Donnie Darko 
Iccus, Oblene and Krumm were all characters in what animated TV show?|Argh! Real Monsters!
Arlene Quinzel, Pamela Isley and Selena Kyle are members of which DC team?|Gotham City Sirens
Who gave the voice for " The Iron Giant" in the movie with the same name?|Vin Diesel
What author is famous for creating his own mythos that includes The Great Old One known as Cthulhu?|H.P LoveCraft
What is Master Chief's name?|John 117
According to the game "Portal", what is a lie?|The cake
In which movie can you see a futuristic scenario in which criminals are caught before they commit the crime?|Minority Report
Fionna and Cake are doppelgangers of which cartoon duo?|Finn and Jake
Which actor links "Firefly" and "Dr. Horrible's Sing-Along Blog"?|Nathan Fillion
Dolphin was the codename for which Nintendo console?|GameCube
In "Torchwood", who created The Life Knife?|Ianto Jones
In what game do you play as a wolf with the powers of the celestial gods?|Okami
In the "Scott Pilgrim" universe, who did Scott Pilgrim punch in the boob?|Roxie (Richter)
How many Hosts are in "Ouran High School Host Club"?|6
Who writes "The Walking Dead" graphic novel?|Robert Kirkman
 At the beginning of the "A Song of Fire and Ice! series, who is the King of the Seven Kingdoms?|Robert Baratheon
In the "Harry Potter" universe, what is the epitaph on Lily and James Potter's headstone?|"The last enemy that shall be destroyed is death"
Who created the popular webseries "Red Vs. Blue?"|Roosterteeth
Who is the central character in the "Dark Tower" series?|Ronald Deschain
Which company created "Howl's Moving Castle" and "Spirited Away"?|Studio Ghibli
What is Darren Shan's real name?|Darren O'Shaughnessy
In "Regular Show", what is the name of Mordecai and Rigby's band?|Mordecai and the Rigbys
What number frequently appears in screens and in dialogue throughout "Star Trek"?|47
In the "Scott Pilgrim" universe, Todd Ingram is the bass player for which band?|The Clash at Demonhead
In "Street Fighter", Chun Li is from which country?|China
In "Finding Nemo", what kind of business can be found at "P. Sherman, 42 Wallaby Way, Sydney"?|Dentist
Brain surgeon Dr. Michael Hfuhruhurr is the unfortunate protagonist in which 1983 movie?|The Man With Two Brains
In "Final Fantasy XII", what is the name of the Ultimate Elite Mark?|Yiazmat
In the "A Wheel of Time" series, what city is the White Tower located in?|Tar Valon 
In "Cardcaptor Sakura" how many Clow cards are there ?|52
Name the three witches of the movie "Hocus Pocus".|Winifred, Sarah and Mary
ArcadeCon started in what year?|2011
According to "Amazing Horse", what does my horse taste just like?|Raisins
In the "Stargate" universe, who created the Stargates?|The Ancients
In "Avatar: The Legend of Korra", who was the leader of the Equalists?|Amon
In comics, Anung un Rama is the alter ego of which red demon?|Hellboy
Sexy Jutsu is used and invented by which anime ninja?|Uzumaki Naruto
In the BBC series “Doctor Who”, Leela was a companion to which incarnation of the Doctor?|The Fourth Doctor (Tom Baker)
In the game "Portal", what does GLaDOS stand for?|Genetic Lifeform and Disk Operating System
In "Star Wars", what color lightsaber does Master Windu possess?|Purple
What does the acronym LED stand for?|Light-emitting diode
In "The Lord of the Rings", exactly how old is Aragorn, in years, when Frodo meets him in the Prancing Pony?|87
In what year did the TV show "Doctor Who" introduce The Daleks?|1963
What video game features a spiky-headed main character named Cloud?|Final fantasy
In "The Legend of Zelda: Ocarina of Time" what A is the name of Poe's Sister?|Amy
In "Futurama", what species is Chef Elzar?|Neptunian
What chemical was accidentally used in the creation of "The Powerpuff Girls"?|Chemical X
In "League of Legends", what is the name of Lulu's fairy companion?|Pix
In "Farscape", Aeryn Sun was portrayed by which actor?|Claudia Black
In the "Rugrats" series, what was the name the Godzilla-like dinosaur?|Reptar
In the "Harry Potter" universe, what does "Wingardium Leviosa" do?|Levitates objects
The childlike Eloi and the nightmarish Morlocks are species in which 1895 novel?|H.G. Wells' The Time Machine
What is the name of the card game which could be found on all Windows operating systems since the Windows 3.0?|Solitaire
Which movie has the tagline  "All we did was love each other, but...our love is forbidden. Why is it a "sin"?"|Boys Love 
Who wrote "His Dark Materials"?|Philip Pullman
In "Borderlands 2", Tiny Tina is proficient with what type of weapons?|Explosives
In "Trigun", what is the bounty for Vash the Stampede?|60 billion double dollars
Who composed the music for "Wolf's Rain" and "Cowboy Bebop"?|Yoko Kanno
In the game franchise, what currency do Sims spend?|Simoleans
How many gigabytes does a typical (single-sided) DVD hold?|4.7 GB (4.37 GiB)
According to Douglas Adams, The Ravenous Bugblatter Beast of Traal is such a mind-bogglingly stupid animal that it assumes what?|It assumes that if you can't see it, it can't see you.
Peter Petrelli, Hiro and Sylar are all characters from what TV series?|Heroes
In "The Hitchhiker's Guide to the Galaxy" film, who resides on the planet Magrathea?|Slartibartfast
In the DC universe, Lex Luthor runs what company?|Lexcorp
In the DC universe, Superman and Clark Kent are aliases of which alien?|Kal-El
Lucretia, Agron and Gannicus were characters in which TV show?|Spartacus
No-face features in what Studio Ghibli movie?|Spirited Away
In the "Mario" franchise, what can Birdo spit from her mouth?|Eggs
Cassiopeia, Swain, Teemo and Ashe can all be found in what online game?|League of Legends
What colour was the original "Pac Man"?|Yellow 
What is Soylent Green?|Soylent Green is people!
Who played Fred Flintstone in the 1994 film "The Flintstones"|John Goodman
In "The Truman Show", where did Truman live?|Seahaven
In "Star Trek", what was Diana Troi's main role aboard the Enterprise?|Ship's Counsellor
In "Watchmen", Dr Jon Osterman is better known by which alias?|Doctor Manhattan
Chakotay, Neelix and B'Lana are members of what ship?|Voyager
Whoopi Goldberg played who on Star Trek?|Guinan
In the DC and Marvel universes respectively, The Black Canary and Banshee possess the same power! What is it?|Ultrasonic Screaming
Which 2002 animated film is set during the "Pleistocene Era"|Ice Age
Who is the only human character in Dragon Ball Z to not yet have died?|Hercule/Mr.Satan
When was YouTube bought by Google?|October 2006
My Melody, Kuromi and Dear Daniel are all associated with which iconic feline?|Hello Kitty
Who wrote the children's story " James and The Giant Peach"?|Roald Dahl
Unobtanium is the fictional precious material mined in what 2009 film?|Avatar
In Disney's "Hercules", Hades is served by two minions, what are their names?|Pain and Panic
Who plays Daphne in the 2002 film " Scooby Doo"?|Sarah Michelle Gellar
In the DC universe, where was Superman born?|Krypton
Which Blues brother did John Belushi Play in the 1980 film "The Blues Brothers"|Jake
Edward Blake, Daniel Dreiberg, Adrian Veidt and Laurie Juspeczyk are all characters in which graphic novel?|Watchmen
Why was Buffy Summers expelled from her first school?|She burnt the gym down
Which 1975 film features the character "Dr. Frank N. Furter"?|Rocky Horror Picture Show
Boo, Randall Boggs and Celia Mae are all characters from what movie|Monsters Inc
Which British singer played Jareth the Goblin King in the 1986 film "The Labyrinth"|David Bowie
What is the full title of Samuel "Sam" Vimes?|His Grace, His Excellency, The Duke of Ankh; Commander Sir Samuel Vimes
The Agatean Empire, Ankh-Morpork and The Chalk are locations from which novel series?|Discworld
According to Professor John Kubiatowicz, in terms of fruit, how much does the Internet physically weigh?|About as much as a large strawberry
In "Street Fighter", who performs the Gyro Drive Smasher combo?|Cammy
According to "Monty Python's The Holy Grail", what is the airspeed velocity of an unladen swallow?|What do you mean, African or European swallow? (also accept "I don't know that")
Neil Gaiman and Terry Pratchett co-wrote which book?|Good Omens: The Nice and Accurate Prophecies of Agnes Nutter, Witch
In the "Street Fighter" universe, Bison runs which evil organisation?|Shadaloo
In " Despicable Me", which actor is the voice of Gru?|Steve Carrell
In the "Harry Potter" universe, what is the name of the driver of the Knight Bus?|Ernie Prang
In Tim Burton's "Corpse Bride", what is the name of the main the titlular character?|Emily
In "The Lord of the Rings", what is the name of the horse given to Gandalf by King Theoden?|ShadowFax
In Monty Python's "Flying Circus", what does nobody ever expect? |The Spanish Inquisition
Translate the Hogwart's School motto ("Draco dormiens nunquam titillandus") into English.|Never Tickle a Sleeping Dragon
In the "Doctor Who" universe, Harriett Jones, British Prime Minister was an MP for which constituency?|Flydale North
"The Sandman", "Neverwhere", "Anasi Boys", "Coraline", "American Gods" and "Stardust" were all written by which author?|Neil Gaiman
What type of animal is Sooty the Bear's girlfriend Soo?|Panda
In the reboot of Devil May Cry (DmC), the main character Dante is supposedly modeled off who? |Tameem Antoniades. Also accept the creative director of the game
"Happy Rabbit" is the original name for which cartoon character?|Bugs Bunny
What is the name of the dog in the TV series "The Magic Roundabout"?|Dougal
Shaun the Sheep first appeared in which 1995 UK claymotion TV show?|Wallace and Gromit's A Close Shave
What is the name of the panda in "Fullmetal Alchemist: Brotherhood"?|Xiao-Mei
How many times does Rory Williams die in "Doctor Who" (shared and exclusive deaths)?|11 times
Bastian Bux, Atreyu and Falkor are characters in which 1984 film?|The NeverEnding Story
What is Little Kuriboh's real name? |Martin Billany
Stephen Amell plays which character in the TV series Arrow?|Oliver Queen
In "Buffy The Vampire Slayer", Buffy and the Scoobies hung out in which nightspot?|The Bronze
Who plays Temperance Brennan in the TV series "Bones"?|Emily Deschanel
In the original novel of "The NeverEnding Story", the fantasy world in jeopardy was known as Fantastica (or Phantásien in the original German version). What was it called in the 1984 film depiction?|Fantasia
Facebook's Privacy Policy is longer than the US Constitution. True or False?|TRUE
Who did the music for the 2000 film "Gladiator"?|Hans Zimmer
In "Buffy The Vampire Slayer", what was the vengeance demon formerly known as Anyanka's original human name?|Aud
What type of touchscreen technology is being used on most touch devices (such as the iPhone and iPad?)|Capacitive
The technology used for wireless card payments and Android-Beam is now called NFC (Near-Field Communication) but what does RFID stand for?|Radio Frequency Identification
In "My Neighbour Totoro", what is the full name of the little girl who gets lost?|Mei Kusukabe
What is the name of the man-eating plant in "Little Shop of Horrors"?|Audrey II
Who directed the 1993 film "Jurassic Park"?|Steven Spielberg
What was Kinect originally called?|Project Natal
What was the first CD-rom-based game console to be released?|Sega Saturn
What is the name of the new 3D headset and device which lets you run in all directions while using it?|The Oculus Rift, Omnidirectional Treadmill
Hit Girl works alongside what green vigilante?|Kick Ass
What game has the most voice recordings ever in a computer game?|SWTOR= Star Wars The Old Republic
Fran and Balthier feature in which Final Fantasy game?|Final Fantasy XII
Echo, Sierra, Alpha, Victor, Whiskey and Alpha were all actives in the Los Angleles department of which organisation? |The Dollhouse
Which UV (ultraviolet) radiation is more damaging, UVA or UVB?|UVA
The Viera in the "Final Fantasy" universe resemble which real life animal species (other than human)?|Rabbit
In the "Superman" universe, Lois Lane writes for which newspaper?|The Daily Planet
J. Jonah Jameson was the Editor for what newspaper?|The Daily Bugle
In "Doctor Who", Rose Tyler is the daughter of what loud mouth mother who flirted with The Doctor?|Jackie Tyler
Which actor has appeared in Supernatural, Doctor Who, Firefly, Leverage, Warehouse 13, Chuck, Dollhouse, Battlestar Gallactica, Medium, 24, Sliders and The X Files?|Mark Sheppard
"The Black Magician" and "The Age of Five" are written by who?|Trudi Canavan
In "Wreck-It Ralph", Vanellope is a character in which (fictional) arcade video game?|Sugar Rush
Who wrote the "Artemis Fowl" series?|Eoin Colfer
In "Beyond Good & Evil", by what name do the DomZ refer to Jade?|Shauni
In "The X-Files", what initially prompted Fox Mulder's fervent belief in government conspiracies to hide the truth about extraterrestrials?|The mysterious disappearance of his sister
Which famous actor has died 25 times in various TV shows and films?|Sean Bean
What is the name of the Night Elf capital city in the game "World of Warcraft"?|Darnassus
What is the resolution of a 4k display?|3840 pixels × 2160 pixels (8.3 megapixels)
In "Star Wars", The Death Star has a diamater of approximately what?|161 kilometres
Where does "Family Guy" take place?|Quahog
In the "Harry Potter" universe, what is the name the village populated only by wizards, located near Hogwarts School of Witchcraft and Wizardry?|Hogsmeade
Which pill does Neo take in "The Matrix"?|The red pill
The FBI team in "Criminal Minds" are often referred to as the BAU, but what does it stand for?|Behavioural Analysis Unit
Who wrote the books that the films "Paycheck", "Total Recall", "The Adjustment Bureau", "Blade Runner", "A Scanner Darkly" and "Minority Report" were based on?|Philip K. Dick
In the "Harry Potter" universe, on what date does Harry Potter's (and J.K. Rowling's) birthday fall on?|31st of July
In "Family Guy", what vegetable does Stewie try to destroy so he doesn't have to eat it?|Broccoli
In "Halo", Cortana aids which Spartan?|Master Chief
Name the Ninth Bright Shiner from the Book "Abhorsen" by Garth Nix|Orannis (The Destroyer)
What currency is used by villagers in the game series "Animal Crossing"?|Bells
In the Marvel universe, Rescue is a Stark suit built by Tony but worn by who?|Pepper Potts
What is the chemical formula for ethanol (the alcohol you can drink)?|C2H6O
True or false: Bananas are naturally radioactive?|TRUE
What does the Beaufort Scale measure?|Wind strength
Are there too many questions?|Yes
What is the true name of the Pharaoh in Yu-Gi-Oh?|Atem(u)
In the "Doctor Who" universe, who presents "The Weakest Link" in the year 200,100?|Anne Droid
In the English version of the game "Persona 4", there is a character named Teddie. What is his name in the Japanese Version?|Kuma
What do Little Red-Cap, Grandmother and The Hunter do to the wolf in the Grimm Brothers' fairytale, "Little Red-Cap"?|Fill his belly with stones so that he can't flee
The 15th Anniversary of the popular "Tales Of" RPG franchise is upon us. Name the upcoming "Tales Of" game coming later this year.|Tales of Xillia
Regina Mills, David Nolan, Archie Hopper, August Booth and Mr. Gold are all characters in which TV series?|Once Upon A Time
In the TV series "Grimm", what type of Wesen is Rosalee Calvert?|Fuchsbau (a fox-type creature)
Which former Arcadecon guest voices the character "Platinum The Trinity" in the video game franchise "BlazBlue"?|Laura Bailey
What Harry Potter creations did JK Rowling first write on the back of an aeroplane sick bag?|The House Names of Hogwarts
Name the title of the eighth installment of the popular "Touhou" franchise?|Imperishable Night
"Warehouse 13" and "(A Town Called) Eureka" are both set in the same universe as which other well-known, if short-lived, sci-fi series?|Alphas
David Hayter has been the voice of Solid Snake for many years now, however, for the upcoming MGS5, he has been replaced. Who is the voice of Snake in MGS5?|Keifer Sutherland
In "Warehouse 13", how long had Pete Lattimer been sober before the start of the series?|8 years
What is the name of the fallen star in Neil Gaiman's "Stardust"?|Yvaine
In "Alphas", what was Dr Rosen's diagnosis of Cameron Hicks' superhuman ability?|Hyperkinesis
With regards to "Hitchhiker's Guide To The Galaxy", what was widely regarded as a bad move?|The creation of the universe
In "(A Town Called) Eureka", what was the name of the Carter's bunker-house? |S.A.R.A.H. (Self-Actuated Resdiental Automated Habitat)
Roughly, how many hours of video are uploaded to YouTube every minute?|100
In "(A Town Called) Eureka", who did Fargo name the Carter's bunker-house after due to his fondness for the character she portrays in a well-known sci-fi TV series?|Sarah Michelle Gellar
What do you get if you cross a donkey with a zebra?|A zedonk
What anime series are the characters Lelouch Lamperouge and C.C (C2) from?|Code Geass
In the "Magic: The Gathering" universe, who made deals with demons such as Griselbrand and Kothophed to secure her youth and power after The Great Mending?|Liliana Vess
In the Marvel universe, what power does Mystique possess?|Shapeshifting
Jack Skellington and Sally can be found in what movie?|A Nightmare Before Christmas
Sora wields what kind of weapon in "Kingdom Hearts"?|Keyblade
What is a Shinigami?|Death God (Reaper)
"Cardcaptor Sakura" has to capture and return the cards she accidentally released - what are the cards called?|Clow Cards
In the DC universe, before he became the Green Lantern what occupation did Jal Jordan have?|Pilot
In the movie "Shrek", what vegetable does the titular character compare himself to?|Onion
Who voices Dory in "Finding Nemo"?|Ellen de Generes
In "True Blood", what is the name of Eric and Pam's club?|Fangtasia
In the "Magic: The Gathering" universe, what is the name given to sentient beings who may travel between planes?|Planeswalkers
In Disney's "Aladdin", Genie helps changed Aladdin into a rich prince who goes by what name?|Prince Ali Ababwa
In Pokemon, what was Ash Ketchum's hometown?|Palet Town
In the Pokémon anime, Ash witnesses a legendary Pokémon at the beginning of his journey - what was it? |Ho-Oh
In Ben Affleck's film/historical drama, Argo, from which country were the American diplomats need to be rescued?|Iran
In the Pokemon anime, what does the travelling Jigglypuff use as a microphone and a tool of vengeance?|Marker Pen
Name the main (male) character (protagonist) in the film "Slumdog Millionaire".|Jamal
In the TV adaptation of "The Walking Dead", Andrew Lincoln portrays which character?|Rick Grimes
What country is the Pokémon world allegedly based on?|Japan
How many Pokémon can you choose from at the start of every Pokémon RPG game?|3
What Pokémon did Uri Gar Gellar attempt to sue Nintendo over for stealing his likeness?|Kadabra
The NSA stands for National Security Agency but what is it usually jokingly reffered as?|No Such Agency
Who wrote the book "World War Z: an oral history of the zombie war"?|Max Brooks
Who invented the system of interlinked hypertext documents accessed via the Internet and known as the World Wide Web?|Tim Berners-Lee
What is rule #1 in "Zombieland"?|Cardio
In the "Invader Zim" universe, what does the acronym "S.I.R." stand for?|Standard-issue Information Retrieval
In "Pokemon", Alakazam is said to have an IQ exceeding over what?|5000
In the 2000 "Battle Royale" film, the first death happens in the classroom - who kills Girl #18 by throwing a knife at her head?|Kitano / Teacher
In "Mirror's Edge", Faith and the other runs make a living passing what around the city?|Information
In the "Artemis Fowl" universe what does the L.E.P. Stand for in "LEPrecon"?|Lower Elements Police
In physics, what does the "right-hand rule" refer to?|Electromagantism
Who is attributed to having written this six-word novel "For sale: baby shoes, never worn."?|Ernest Hemingway
In "Invade Zim", other than the Control Brains, who are the leaders of the Irken Empire?|The Almighty Tallest
In "Invader Zim", to which planet was Invader Larb eventually assigned?|Planet Vort; home of the Universe's most comfortable couch
The film "Pan's Labyrinth" is set five years after which war?|The Spanish Civil War
In "Hey Arnold", Helga keeps and hides a statue in the shape of Arnold's head in her wardrobe, what is it mostly made of?|Chewing Gum
The Band of the Hawk is a group of mercenaries in which manga?|Berserk
Christopher "Chris" Kirkman, Beth Tezuka, Wallow and Daniel "Danny" Vasquez are characters in which animated series?|Bravest Warriors
What is the name of Rodney Ascher's documentary on the perceived meanings in Stanley Kubrick's "The Shining"?|Room 237
In the card game Gloom, what is the name of the ringmaster of Dark's Den of Deformity?|Darius Dark
Who directed "Hellboy", "Pan's Labyrinth", "The Incredible Hulk" and "Cronos"?|Guillermo Del Toro
True or false: In "Futurama", Captain Leela of the Planet Express Ship, is the last of her kind|FALSE
In "Futurama", to protest the ban on Popplers, Philip J. Fry danced according to Leela's book, the dance of his native people - what was the dance?|The Hustle
Simon Fisher-Becker appeared in the Harry Potter series as a ghost - which one?|The Fat Friar
In "The Hunger Games" universe, what bird is cast on the pin Katniss Everdeen keeps as a token from her sister?|Mocking Jay
In "Avengers Assemble", what race were the aliens invading New York?|The Chitauri
In the "Magic: The Gathering" universe, what was the name of the silver mass in which Griselbrand and Avacyn were imprisoned?|The Helvault
What is the name of the fourth book in "The Wicked Years" series by Gregory Maguire?|Out of Oz
In the "Star Trek" universe, what is Spock's father's name?|Sarek
What was the "Red Dwarf" on the TV show of the same name?|A mining ship
What was the mission of the spaceship on the TV series "Quark"?|To collect interstellar garbage
What would you buy in the "Little Shop of Horrors"?|Flowers
What is the name given to a sorceror who raises the dead to see the future or to control the dead?|Necromancer
In the musical "Avenue Q", what is the name of the recent college graduate with a B.A. in English who is looking for a new place to live?|Princeton
In the 1991 Disney film, "The Fox and the Hound", what is the name of the titular fox?|Tod
In "The Lord of the Rings" universe, Gollum was once known as |Smeagol
In "The Matrix" universe, what is Neo's real name?|Thomas Anderson
In "The Matrix" universe, what does Neo break when he meets the oracle?|Vase
Where can the creator of "Star Trek", Gene Rodenberry's remains be found?|Space
In Disney's "Mulan", what is the name of Mulan's lucky cricket?|Cri-kee
In the TV series "Once Upon a Time", which Storybrook resident is also known as Belle?|Lacey
In the 2003 film "Big Fish", who does Danny Devito portray?|Amos Calloway, the circus ringmaster
Which actress links "Great Expectations", "Terminator Salvation", "Big Fish" and "Wallace and Gromit's The Curse of the Were-Rabbit"?|Helena Bonham Carter
In the "Harry Potter" universe, which of the Weasley twins died during the Battle of Hogwarts?|Fred Weasley
In "Big Bang Theory", who or what is referred to as "Sheldon's kryptonite"?|His mother, Mary Cooper
In the book "Twenty Thousand Leagues Under the Sea", what is the name of Captain Nemo's submarine?|Nautilus
Who wrote the graphic novel "The League of Extraordinary Gentlemen"?|Alan Moore
The musician Robert Zimmerman is better know by which alias?|Bob Dylan
What is U2's "The Edge"'s real name?|David Evans
Who was the first actor to play Hannibal Lecter on-screen?|Brian Cox
At the beginnning of the "Doctor Who" film, what book is The Doctor reading?|H.G. Wells' The Time Machine
In "The Simpsons", name Ned Flanders two children.|Tod and Rod
In "The Simpsons", on what street do the Simpson's live?|Evergreen Terrace
In "The Simpsons", what is the name of Mr Burns' teddy bear?|Bobo
In "The Simpsons", what is the name of Homer's helper monkey?|Mojo
In "The Simpsons", what is Principal Skinners Real name?|Armin Tamzarian
In "The Fresh Prince of Bel-Air", where was Will born?|West Philadelphia
In "Final Fantasy XIII", who is the Goddess of Death?|Etro
In "The Walking Dead" video game, what is the real name of Kenny's son?|Kenny Jr.
What is the Witch of the West's original name given in the Gregory Maguire's novel and hit musical version "Wicked"?|Elphaba
In the TV series "Heroes", what was Elle Bishop's special ability?|Electric manipulation
In the TV series "Touch", what is the name of the 97 number sequence on which the plot is based?|The God Sequence
What was created from the mixture sugar, spice and everything nice and chemical X?|The Powerpuff Girls 
In "The Simpsons", Robert Underdunk Twiliger is better know by what alias? |Side Show Bob
In the "James Bond" universe, whose secretary was Miss Moneypenny?|M 
What was the first wholly computer-generated film?|Toy Story
In "Star Wars, Episode VI: Return of the Jedi" who did the Ewoks believe to be some sort of God?|C-3PO
In the TV series "Twin Peaks", what was the name of the FBI Special Agent called in to investigate Laura Palmer's murder?|Dale Cooper
In "Star Wars", what was the first planet to be destroyed by the death star?|Despayre
Which "Star Wars" character had a double ended lightsaber?|Darth Maul
In "Robot Chicken: Star Wars" what was Ponda Baba's job revealed to have been?|Architect
In the "Star Wars" universe, which two actors have played Obi Wan Kenobi?|Alec Guiness and Ewan McGregor
Which of the "Teenage Mutant Ninja Turtles" uses dual nunchucks as his main weapon?|Michaelangelo
In the "Harry Potter" universe, what is the name of Harry Potter's godson?|Ted Lupin
In "How I Met Your Mother", what is the name of Barney Stinson's rule which allows you to bailon any date within the first five minutes, no questions asked?|The Lemon Law
Which cartoon dog has the initals "SD" on his collar?|Scooby Doo
In "Ghost in the Shell", what is the name of the multi-legged, A.I.-controlled, rolling combat vehicles?|Tachikoma
Name the yellow Tellytubby.|LaLa
In "Hitchhikers Guide to the Galaxy", what is the name of the paranoid android?|Marvin
In the 2001 film "A.I.: Artificial Intelligence", what is the name of the Mecha little boy?|David
In "Jem and the Holograms", what is the name of foster house supported by the music company?|Starlight House for Foster Girls
In "How I Met Your Mother", who did Barney Stinson grow up believing to be his father?|Bob Barker
In Wes Anderson's "The Life Aquatic with Steve Zissou", what kind of shark killed Esteban?|Jaguar shark
In the cartoon "CatDog", what colour is cat's nose?|Red
In "My Little Pony: Friendship is Magic", what is the name of their land?|Equestria
Who wrote "The Vampire Chronicles" series of books?|Anne Rice
In "Thunderbirds" what was Lady Penelope's Chauffeur known as?|Parker
Which actor links "Hot Fuzz", "Sherlock", "Shaun of the Dead", "Love Actually" and "Lock, Stock and Two Smoking Barrels"?|Martin Freeman
In the TV series "Sliders", who did Jerry O'Connell portray?|Quinn Mallory
Who lives in 221b Baker Street?|Sherlock Holmes and John Watson
In "D.Gray-Man", what is the name of the butterfly-like golems which Tyki Mikk controls?|Tease
Which film had the song "Springtime for Hitler"?|The Producers
What is the Korean equivalent of manga?|Manhwa
In "Durarara!!", what creature is Celty?|A dullahan
In "Detective Conan" what causes Shinichi Kudo's age to regress?|A poison,  APTX 4869
In the 2009 film adaptation of "Watchmen", who played The Comedian?|Jeffrey Dean Morgan
In "Panty & Stocking with Garterbelt", what is the name of Stocking's cat plushie?|Honekoneko
In the TV series "Lexx", Stanley H. Tweedle, Zev Bellringer and Kai were crew members of which ship?|Lexx
In the game Munchkin, what card allows you to change sex?|Sex Change Potion
In "Final Fantasy VII", what is the name of the amusement park?|The Gold Saucer
In the game Zombie Dice, how many shotguns can you roll before your turn ends?|Three
In which game do you use your gardening skills to protect yourself from the undead?|Plants vs Zombies
Who is the creator of "Adventure Time" and "Bravest Warriors"?|Pendleton Ward
What is the name of the campaign to empower cosplayers to speak out against inappropriate social behavior of a sexual and/or stereotypical nature for themselves and fellow fans?|Cosplay is not consent
In "Dogma", what is the name of the character portrayed by Matt Damon?|Loki
What internet phenomenon defines as creating false identities online, particularly to pursue deceptive online romances?|Catfishing
What famous "Star Trek" actor voices Ricardio in "Adventure Time"?|George Takei
In "The Melancholy of Haruhi Suzumiya", where is Mikuru Asahina's star shaped mole?|On her breast/chest
In "Cowboy Bebop", what is the real name of the young computer genius who goes by the alias Edward?|Françoise Appledelhi
In the TV series "Farscape", what is the home planet of John Crichton?|Earth
In "Amnesia: The Dark Descent", what is the name of the character you play?|Daniel
In the TV series "Farscape", what is the name of the giant space-dwelling creature which acts as the ship?|Moya
In the TV series "Spaced", what is the address of Tim and Daisy's flat?|23 Meteor Street, Tufnell Park
Who voices Hades in Disney's "Hercules"?|James Woods
In the "Magic: The Gathering" universe, what were the names of the titular brothers in The Brothers' War?|Urza and Mishra
In the 2008 "Prince of Persia" game, what is the name of your female companion?|Elika
What is the name of the character played by Eve Myles in "Torchwood"?|Gwen Cooper
In "Kuroshitsuji", what accessory do Grim Reapers always wear?|Glasses
In the TV series "Spaced", who is Tim and Daisy's artist neighbour?|Brian Topp
Who plays Castiel in the TV series "Supernatural"?|Misha Collins
In The TV series "Supernatural", what is Kevin Tran's mother's first name?|Linda
In the TV series "Angel", whose body does the demon Illyria possess?|Fred Burkle
Finish this quote from "The Princess Bride": "My name is Inigo Montoya. You killed my father....."|Prepare to die
In "Highschool of the Dead", what are the zombies commonly known as?|Them
In the TV series "Angel", what is the name of the episode where Angel is transformed into a puppet?|Smile Time
In the game "Lollipop Chainsaw", what does Juliet Starling have tied to her belt?|Her boyfriend Nick's severed head
What is the name of the production company behind "Dr. Horrible's Sing-Along-Blog", "Firefly", "Dollhouse", "Angel" and "Buffy:The Vampire Slayer"?|Mutant Enemy Productions
In "Dr. Horrible's Sing-Along-Blog", how does Bad Horse rule the Evil League of Evil?|With an iron hoof
Rigby from "Regular Show" is what kind of animal?|Raccoon
In the anime "Avatar: The Last Airbender", what is the name of the princess of the Northern Water Tribe?|Princess Yue Arnook
What famous Korean movie is being remade by Spike Lee?|Oldboy
What is the name of "Samurai Jack"'s nemesis?|Aku
In "The Incredibles", how many children does the Parr family have?|3
What is the full name of the patriarch in the TV series "Arrested Development"?|George Oscar Bluth Senior
What was the name of Katara and Sokka's father in the anime "Avatar: The Last Airbender"?|Chief Hakoda
What is a recurring gag ending in most "Silent Hill" games?|The UFO ending
In the "Harry Potter" universe, what is the occupation of Hermione Granger's parents?|Dentist
In the TV series "Archer", what is the codename of Agent Sterling Archer?|Duchess
In the "Resident Evil" franchise, what does the acronym S.T.A.R.S stand for?|Special Tactics And Rescue Service
In the TV series "Arrested Development", after the realisation that the term Analrapist was not a suitable job title, what did Tobias alter it to?|Theralyst
In the "Thief" series of games, what is the name of the master thief you play as?|Garrett
What is the name of "Crash Bandicoot"'s sister?|Coco
In "The Legend of Zelda", what is the name of the King of Evil?|Ganon/Ganondorf
In "Fruits Basket", what are the Sohma family possessed by?|Animals of the Chinese zodiac
In "The Legend of Zelda", who are Din, Nayru and Farore collectively known as?|The Golden Godesses
In "Shadow of the Colossus", what is the name of the horse?|Agro
In "Okami", what kind of creature is Issun?|Poncle
In "Monster Inc.", what is the source of energy of Monstropolis?|The scream of human children
In Christopher Paolini's "Inheritance Cycle", what is the name of Angelia the Herbilist's sword? |Tinkledeath
When making "Dragonball Z", Akira Toriyama completly forgot about one of his characters which subsequently meant they were never active in series again. Name that character.|Lunch. also known as Lanch
The musician Niamh Houston is better known by what alias?|Chipzel
How many books are in Lemony Snicket's "A Series of Unfortunate Events"?|Thirteen
What is the surname of the orphaned children in Lemony Snicket's "A Series of Unfortunate Events"?|Baudelaire
How many books are in C.S. Lewis' "The Chronicles of Narnia"?|Seven
In "One Piece", what is Monkey D. Luffy's current bounty? |400000000
In the "Sailor Moon" series, which of the Sailor Senshi members appears androgynous?|Sailor Uranus
In "Regular Show", Muscle man's girlfriend Starla, has what tattooed on her lower back? |The names of all her boyfriends
In Randal Munroe's "xkcd", who is the most commonly recurring female character?|Megan
What are the names of the two fictional worlds in the game "Tales of Symphonia"?|Sylvarant and Tethe'alla
Quentin Tarantino uses the same brand of cigarettes in all of his movies. What is the name of that brand?|Red apple cigarettes
In the TV series "The Tick", who portrayed the titular character?|Patrick Warburton
In "Regular Show", what is muscle man's real name? |Mitch Sorrenstein 
In the TV series "Earthworm Jim", what was the name of Jim's sidekick?|Peter Puppy
What is the name of the land in which the "Pokemon X and Y" games are set?|Kalos
In "How I Met Your Mother", Barney has his own personal "Get Psyched mix" CD. What is the name of the only song that gets played through out the episode?|Bon Jovi- You give love a bad name (shot through the heart)
In the book "Harry Potter and the Prisoner of Azkaban", what is the name of the magical tool that Hermione Granger uses to attend all her classes?|A Time-Turner
Who repeatedly made cameo in Marvel-based movies?|Stan Lee
"The Amulet of Samarkand" by Jonathan Stroud is the first book in which series of novels?|The Bartimaeus Trilogy
In the manga and anime series "Nichijou" the two characters "Professor" and "Nano" have a cat. What is the name of the cat?|Sakamoto
In "The Lord of the Rings" universe, what is the name of the sword used by Gandalf the Wizard?|Glamdring (Foe-Hammer)
When was the first "Epic Rap Battle of History" (John Lennon vs Bill O'Reilly) broadcast?|9/26/2010
In the "Professor Layton" games, what is Professor Layton's first name?|Hershel
What is Professor Elemental's real name?|Paul Alborough
John and Hank Green host a youtube-based video blog channel by what title?|VlogBrothers
If a self-proclaimed Nerdfighter were to tell you DFTBA, what would that mean (the original meaning)?|Don't Forget To Be Awesome
"Intro of darkness, then redness, then whiteness" and "Bless your face" are signature catchphrases of which well-known Youtube vlogger?|Toby Turner (AKA Tobuscus)
New Zealand-based comedy duo Bret McKenzie and Jemaine Clement are better known by their band name, what is it?|Flight of the Conchords
In the Marvel universe, what is Agent Coulson's first name?|Phil
"Code Monkey", "Re: Your Brains", "Future Soon" and "Better Than Me" are all songs written and performed by who?|Jonathan Coulton
Which band wrote and performed a musical plee to George R.R. Martin to "Write Like The Wind"? |Paul and Storm
Who was the voice of Buzz Lightyear in the "Toy Story" films?|Tim Allen
At the beginning of the "Torchwood" series who was the newest member to join the team?|Gwen Cooper
In "League of Legends" what does ARAM stand for?|All Random All Mid
According to the book and musical "Wicked", what item of clothing allowed Nessarose, the Wicked Witch's sister, to walk on her own?|The Ruby Slippers
In the DC universe, the emblem on Superman's chest has a different meaning on his homeworld Krpyton, what is it?|Hope
"Transformers" are divided into two warring factions, the Decepticons and who?|Autobots
In the TV series "Glee", what is the name of McKinley High's Glee Club?|New Direction
In "Kim Possible" animated series, what kind of animal is Rufus?|Naked mole rat
In the manga and anime series "Soul Eater" what is the name of the oldest of the Thompson sisters?|Elizabeth (Liz) 
In the manga and anime series "Soul Eater", what is the name of Maka Albarn's partner?|Soul Evans (Soul Eater)
In the anime version of "Elfen Lied", what is the name of the first diclonius sent after Lucy?|No. 7 (AKA Nana)
In the anime version of "Elfen Lied", when they were kids, to which attraction did Kohta take Lucy on their day out?|The zoo
In the manga and "Fullmetal Alchemist: Brotherhood", not the 2003 anime, who is Pride?|Selim Bradley
In the "Fullmetal Alchemist" universe, what is the name of Ed and Al's father?|Van Hohenheim
In the "BLEACH" universe, what is Chad's real name?|Yasutora Sado
In the "BLEACH" universe, what is the name of Orihime Inoue's offensive technique?|Koten Zanshun ("solitary heavenly cutting shield")
In the "Planetes" universe, what is the name of the main spaceship?|DS-12 "Toy Box" 
In "Tengan Toppa Gurren Lagann", what colour are Kamina's sungalsses?|Red
In "Tengan Toppa Gurren Lagann", what village are Kamina and Simon from?|Jeeha (Jiiha) Village
In "The Nightmare Before Christmas", what is the name of the name scientist and "father" of Sally?|Doctor Finkelstein
In "The Nightmare Before Christmas", what is the name of the female member of Oogie Boogie's henchmen?|Shock
What is the name of the company which originally published "Dungeons and Dragons" RPG?|Tactical Studies Rules, Inc
What company currently publishes "Dungeons and Dragons" RPG?|Wizards of the Coast
When was reddit founded?|June 2005
In "The Adventures of Tintin", what breed of dog is Snowy?|White Fox Terrier
Who writes the 'Game of Thrones' series?|George R.R. Martin
In the animated TV series "Archer", Pam, Cyril and Lana all work at what spy agency?|ISIS
In the animated TV series "Archer", which of the team has blood ties to Adolf Hitler?|Mr. Doctor Algernop Krieger 
The human whose name is written in this notebook shall die' - what is the notebook called?|Death Note
In "The Simpsons", what does the J in Homer J Simpson stand for?|Jay
In Japanese, what does Jutsu mean?|Skill, technique, method, spell or trick
"Barbie Girl", "Doctor Jones" and "Turn Back Time" are all singles from what band?|Aqua
In literature, what spider saved the life of a pig by spinning words in her web?|Charlotte
In the "Dragonball Z" universe, how many times has Goku died?|2
In "The Incredibles", Helen Parr is the alter ego of what superhero turned fulltime mother?|Elastigirl
Puffy Ami Yumi sing the theme song for which DC super hero cartoon series?|Teen Titans
Azeroth Metrion Xinthos is chanted by which member of the Teen Titans?|Raven
Who portrays King Richard in "Robin Hood: Men in Tights"?|Patrick Stewart
In "Robin Hood: Men In Tights", what is the name of Asneeze's son?|Achoo
Who portrayed Batman in the 1989 film "Batman"?|Michael Keaton
What traditional recurring job class in the "Final Fantasy" series wields spears and lances?|Dragoon
What is the name of the female protagonist in the webcomic "Girl Genius"?|Agatha Heterodyne/Agatha Clay
Who are the Irish sisters in the "Tekken" video game series?|Nina and Anna Williams
In George A. Romero's "Land of the Dead", what is the name of the luxury high-rise which accomodates the rich and powerful?|Fiddler's Green
In the "V for Vendetta" graphic novel, what is the name of V's underground hideout?|Shadow Gallery
In "Negima", where is Negi Springfield from?|Wales
What was the name of Doctor Destiny's device which allowed him to create reality from the fabric of dreams?|Materioptikon
In the graphic novel "The Sandman", who are Destiny, Death, Dream, Destruction, Despair, Desire and Delirium collectively known as?|The Endless
In "Azumanga Daioh", what is Ayumu Kasuga's nickname?|Osaka
In "The Melancholy of Haruhi Suzumiya", what is Itsuki Koizumi?|An esper
In "The Sandman" graphic novel, what is Destiny's sigil?|A book chained to his wrist
"Shaun of the Dead", "Hot Fuzz" and "The World's End" are collectively known by what name?|The Three Flavours Cornetto Trilogy (or Blood and Ice Cream Trilogy)
In "Starship Troopers", what is the name of the Arachnid's home planet?| Klendathu
In the DC universe, who was responsible for the lightning bolt which caused Barry Allen to gain his powers, becoming The Flash?|Barry Allen (AKA The Flash)
The series "Gensomaden Saiyuki" is based on which classical Chinese novel?|Journey to the West
In "Adventure Time", what instrument does Marceline the Vampire play?|Bass guitar
What colour bow does "Hello Kitty" wear?|Red
How many letters in ArcadeCon?|9
People who obsess over "My Little Pony: Friendship is Magic" are commonly known as?|Bronies
Ju-On is a Japanese horror that was remade starring Sarah Michelle Gellar and released in 2004 - what was the English title?|The Grudge
Red, Blue, Green, White, Yellow, Black and Pink were the uniforms worn by which team that could summon Jurassic mech?|Power Rangers
Who wrote the 1979 book "The Hitchhiker's Guide to the Galaxy"?|Douglas Adams
In "Star Wars, Episode IV: A New Hope", what planet did the Death Star blow up?|Alderan
In the 2005 film "Batman Begins", who played Ra's Al Ghul?|Liam Neeson
Which live action TV show depicted the teenage years of Clark Kent's life?|Smallville
In the Marvel universe, what is Cyclops' real name?|Scott Summers
In the "Hercules: The Legendary Journeys" universe, Lucy Lawless portrayed which high kicking, chakram throwing warrior princess?|Xena
Which "Star Trek" race are concerned with nothing else other than profit?|Ferengi
In the "Star Trek" universe, Voyager's Chief Engineer B'Lana Torres is half human and half what else?|Klingon
What year was the Super Nintendo released in Ireland?|1992
In "Firefly", Simon and River are brother and sister - what is their surname?|Tam
In "Firefly", the group who rebelled against the Alliance are commonly known as what?|Browncoats
In the Marvel universe, whose idea was the "Avengers Initiative"?|Nick Furey
In the Marvel universe, in which war did Captain America fight?|World War 2
In the Marvel universe, what colour is Captain America's shield?|Red white and blue
In the Marvel universe, how long was Steve Rogers trapped in the ice?|70 years
In the Marvel universe, what is Thor's last name?|Odinson
In the Marvel universe, what is the name of Thor's hammer?|Mjollnir 
In the Marvel universe, what species is Thor?|Asgardian
In the Marvel universe, what is Hawkeye's real name?|Clint Barton
In the "Star Wars universe, what serves as the energy supply for a lightsaber?|Diatium Core
In the "Star Wars, Episode III: Revenge of the Sith" , who cut off the arm of Anakin Skywalker?|Count Dooku
In the "Star Wars" universe, which underwater society does Jar Jar Binks come from?|GunGun
In the "Star Wars" universe, the rebel alliance destroyed the Death Star for the first time during which battle?|Battle of Yavin
In the "Star Wars" universe, what hillbilly group kidnapped Anakin Skywalker's mother and later made trouble for Luke also?|The Sand People
In the "Star Wars" universe, the Great Schism produced which distinct group?|The Sith Lords
Which wise "Star Wars" character is often compared to the Dalai Lama?|Yoda
Which actor starred in "Star Wars" movies vocally but not physcially?|James Earl Jones
When was the first "Star Wars" film released? |1977
In "Adventure Time", Finn is partnered with what shape-shifting dog?|Jake
In which Marvel comic did Elektra make her debut?|Daredevil
In the Marvel universe, what is the name of "The Fantastic Four"'s archnemesis?|Dr. Doom
In "Hellboy", the titular character does what in an attempt to appear more normal?|Files his horns down
In the Marvel universe, how did the Fantastic Four obtain their superpowers?|Exposure to Comic Rays
In the Marvel universe, before the Incredible Hulk becomes famous for his greenish tone what was his original colour of rage?|Grey
The 2004 film "Ella Enchanted" stars which Catwoman actress?|Anne Hathaway
In the film "The Dark Crystal", what species is Jen?|Gelfling
In the film "The Dark Crystal", what is the name of the tyrannical reptilian race?|Skeksis
Which English fantasy illustrator was the concept artist for the film "The Dark Crystal"?|Brian Froud
What is the name of the main protagonist in the upcoming "The LEGO movie"?|Emmet
What is the name of the new animated Disney film due for release on November 28th?|Frozen
Which heroic mechanic-robot duo who had their big break in the gaming industry in 2002 and are set to star in their own animated movie to be released in 2015?|Ratchet & Clank
Which fish-filled underwater animated sequel have Disney-Pixar announced for release in 2015?|Finding Dory
In "Futurama" what musical instrument did Leela used to play|Drums
